{
    "extends": "tslint:recommended",
    "rules": {
		"no-console": false,
        "max-line-length": {
            "options": [120]
        },
		"curly": [true, "ignore-same-line"],
        "new-parens": true,
		"prefer-for-of": false,
        "no-arg": true,
        "no-bitwise": true,
        "no-conditional-assignment": true,
        "no-consecutive-blank-lines": false,
        "no-trailing-whitespace": false,
		"quotemark": [true, "single", "jsx-double"]
    },
    "jsRules": {
		"no-console": false,
        "max-line-length": {
            "options": [120]
        }
    }
}